,airflow_ctx_dag_owner,airflow_ctx_dag_id,airflow_ctx_task_id,airflow_ctx_execution_date,airflow_ctx_try_number,airflow_ctx_dag_run_id
0,***,extrair_logs_***,process_logs_dag_conexao,2023-11-23T18:28:08.526678+00:00,1,manual__2023-11-23T18:28:08.526678+00:00
1,***,extrair_logs_***,process_logs_dag_conexao,2023-11-23T18:28:08.526678+00:00,1,manual__2023-11-23T18:28:08.526678+00:00
2,***,extrair_logs_***,process_logs_dag_conexao,2023-11-23T18:28:08.526678+00:00,1,manual__2023-11-23T18:28:08.526678+00:00
3,***,extrair_logs_***,process_logs_dag_conexao,2023-11-23T18:28:08.526678+00:00,1,manual__2023-11-23T18:28:08.526678+00:00
4,***,extrair_logs_***,process_logs_dag_conexao,2023-11-23T18:28:08.526678+00:00,1,manual__2023-11-23T18:28:08.526678+00:00
5,***,extrair_logs_***,process_logs_dag_conexao,2023-11-23T18:28:08.526678+00:00,1,manual__2023-11-23T18:28:08.526678+00:00
6,***,extrair_logs_***,process_logs_dag_conexao,2023-11-23T18:28:08.526678+00:00,1,manual__2023-11-23T18:28:08.526678+00:00
7,***,extrair_logs_***,process_logs_dag_conexao,2023-11-23T18:28:08.526678+00:00,1,manual__2023-11-23T18:28:08.526678+00:00
8,***,extrair_logs_***,process_logs_dag_conexao,2023-11-23T18:28:08.526678+00:00,1,manual__2023-11-23T18:28:08.526678+00:00
9,***,extrair_logs_***,process_logs_dag_conexao,2023-11-23T18:28:08.526678+00:00,1,manual__2023-11-23T18:28:08.526678+00:00
10,***,extrair_logs_***,process_logs_dag_conexao,2023-11-23T18:28:08.526678+00:00,1,manual__2023-11-23T18:28:08.526678+00:00
11,***,extrair_logs_***,process_logs_dag_conexao,2023-11-23T18:28:08.526678+00:00,1,manual__2023-11-23T18:28:08.526678+00:00
12,***,extrair_logs_***,process_logs_dag_conexao,2023-11-23T18:28:08.526678+00:00,1,manual__2023-11-23T18:28:08.526678+00:00
13,***,extrair_logs_***,process_logs_dag_conexao,2023-11-23T18:28:08.526678+00:00,1,manual__2023-11-23T18:28:08.526678+00:00
14,***,extrair_logs_***,process_logs_dag_conexao,2023-11-23T18:28:08.526678+00:00,1,manual__2023-11-23T18:28:08.526678+00:00
15,***,extrair_logs_***,process_logs_dag_conexao,2023-11-23T18:28:08.526678+00:00,1,manual__2023-11-23T18:28:08.526678+00:00
16,***,extrair_logs_***,process_logs_dag_conexao,2023-11-23T18:28:08.526678+00:00,1,manual__2023-11-23T18:28:08.526678+00:00
17,***,extrair_logs_***,process_logs_dag_conexao,2023-11-23T18:28:08.526678+00:00,1,manual__2023-11-23T18:28:08.526678+00:00
18,***,extrair_logs_***,process_logs_dag_conexao,2023-11-23T18:28:08.526678+00:00,1,manual__2023-11-23T18:28:08.526678+00:00
19,***,extrair_logs_***,process_logs_dag_conexao,2023-11-23T18:28:08.526678+00:00,1,manual__2023-11-23T18:28:08.526678+00:00
20,***,extrair_logs_***,process_logs_dag_conexao,2023-11-23T18:28:08.526678+00:00,1,manual__2023-11-23T18:28:08.526678+00:00
21,***,extrair_logs_***,process_logs_dag_conexao,2023-11-23T18:28:08.526678+00:00,1,manual__2023-11-23T18:28:08.526678+00:00
22,***,extrair_logs_***,process_logs_dag_conexao,2023-11-23T18:28:08.526678+00:00,1,manual__2023-11-23T18:28:08.526678+00:00
23,***,extrair_logs_***,process_logs_dag_conexao,2023-11-23T18:28:08.526678+00:00,1,manual__2023-11-23T18:28:08.526678+00:00
24,***,extrair_logs_***,process_logs_dag_conexao,2023-11-23T18:28:08.526678+00:00,1,manual__2023-11-23T18:28:08.526678+00:00
25,***,extrair_logs_***,process_logs_dag_conexao,2023-11-23T18:28:08.526678+00:00,1,manual__2023-11-23T18:28:08.526678+00:00
26,***,extrair_logs_***,process_logs_dag_conexao,2023-11-23T18:28:08.526678+00:00,1,manual__2023-11-23T18:28:08.526678+00:00
27,***,extrair_logs_***,process_logs_dag_conexao,2023-11-23T18:28:08.526678+00:00,1,manual__2023-11-23T18:28:08.526678+00:00
28,***,extrair_logs_***,process_logs_dag_conexao,2023-11-23T18:28:08.526678+00:00,1,manual__2023-11-23T18:28:08.526678+00:00
29,***,extrair_logs_***,process_logs_dag_conexao,2023-11-23T18:28:08.526678+00:00,1,manual__2023-11-23T18:28:08.526678+00:00
30,***,extrair_logs_***,process_logs_dag_conexao,2023-11-23T18:28:08.526678+00:00,1,manual__2023-11-23T18:28:08.526678+00:00
31,***,extrair_logs_***,process_logs_dag_conexao,2023-11-23T18:28:08.526678+00:00,2,manual__2023-11-23T18:28:08.526678+00:00
32,***,extrair_logs_***,process_logs_dag_conexao,2023-11-23T18:28:08.526678+00:00,1,manual__2023-11-23T18:28:08.526678+00:00
33,***,extrair_logs_***,process_logs_dag_conexao,2023-11-23T18:28:08.526678+00:00,2,manual__2023-11-23T18:28:08.526678+00:00
34,***,extrair_logs_***,process_logs_dag_conexao,2023-11-23T18:28:08.526678+00:00,1,manual__2023-11-23T18:28:08.526678+00:00
35,***,extrair_logs_***,process_logs_dag_conexao,2023-11-23T18:28:08.526678+00:00,2,manual__2023-11-23T18:28:08.526678+00:00
36,***,extrair_logs_***,process_logs_dag_conexao,2023-11-23T18:28:08.526678+00:00,1,manual__2023-11-23T18:28:08.526678+00:00
37,***,extrair_logs_***,process_logs_dag_conexao,2023-11-23T18:28:08.526678+00:00,2,manual__2023-11-23T18:28:08.526678+00:00
38,***,extrair_logs_***,process_logs_dag_conexao,2023-11-23T18:28:08.526678+00:00,1,manual__2023-11-23T18:28:08.526678+00:00
39,***,extrair_logs_***,process_logs_dag_conexao,2023-11-23T18:28:08.526678+00:00,2,manual__2023-11-23T18:28:08.526678+00:00
40,***,extrair_logs_***,process_logs_dag_conexao,2023-11-23T18:28:08.526678+00:00,1,manual__2023-11-23T18:28:08.526678+00:00
41,***,extrair_logs_***,process_logs_dag_conexao,2023-11-23T18:28:08.526678+00:00,2,manual__2023-11-23T18:28:08.526678+00:00
42,***,extrair_logs_***,process_logs_dag_conexao,2023-11-23T18:28:08.526678+00:00,1,manual__2023-11-23T18:28:08.526678+00:00
43,***,extrair_logs_***,process_logs_dag_conexao,2023-11-23T18:28:08.526678+00:00,2,manual__2023-11-23T18:28:08.526678+00:00
44,***,extrair_logs_***,process_logs_dag_conexao,2023-11-23T18:28:08.526678+00:00,1,manual__2023-11-23T18:28:08.526678+00:00
45,***,extrair_logs_***,process_logs_dag_conexao,2023-11-23T18:28:08.526678+00:00,2,manual__2023-11-23T18:28:08.526678+00:00
46,***,extrair_logs_***,process_logs_dag_conexao,2023-11-23T18:28:08.526678+00:00,1,manual__2023-11-23T18:28:08.526678+00:00
47,***,extrair_logs_***,process_logs_dag_conexao,2023-11-23T18:28:08.526678+00:00,2,manual__2023-11-23T18:28:08.526678+00:00
48,***,extrair_logs_***,process_logs_dag_conexao,2023-11-23T18:28:08.526678+00:00,1,manual__2023-11-23T18:28:08.526678+00:00
49,***,extrair_logs_***,process_logs_dag_conexao,2023-11-23T18:28:08.526678+00:00,2,manual__2023-11-23T18:28:08.526678+00:00
50,***,extrair_logs_***,process_logs_dag_conexao,2023-11-23T18:28:08.526678+00:00,1,manual__2023-11-23T18:28:08.526678+00:00
51,***,extrair_logs_***,process_logs_dag_conexao,2023-11-23T18:28:08.526678+00:00,2,manual__2023-11-23T18:28:08.526678+00:00
52,***,extrair_logs_***,process_logs_dag_conexao,2023-11-23T18:28:08.526678+00:00,1,manual__2023-11-23T18:28:08.526678+00:00
53,***,extrair_logs_***,process_logs_dag_conexao,2023-11-23T18:28:08.526678+00:00,2,manual__2023-11-23T18:28:08.526678+00:00
54,***,extrair_logs_***,process_logs_dag_conexao,2023-11-23T18:28:08.526678+00:00,1,manual__2023-11-23T18:28:08.526678+00:00
55,***,extrair_logs_***,process_logs_dag_conexao,2023-11-23T18:28:08.526678+00:00,3,manual__2023-11-23T18:28:08.526678+00:00
56,***,extrair_logs_***,process_logs_dag_conexao,2023-11-23T18:28:08.526678+00:00,2,manual__2023-11-23T18:28:08.526678+00:00
57,***,extrair_logs_***,process_logs_dag_conexao,2023-11-23T18:28:08.526678+00:00,1,manual__2023-11-23T18:28:08.526678+00:00
58,***,extrair_logs_***,process_logs_dag_conexao,2023-11-23T18:28:08.526678+00:00,3,manual__2023-11-23T18:28:08.526678+00:00
59,***,extrair_logs_***,process_logs_dag_conexao,2023-11-23T18:28:08.526678+00:00,2,manual__2023-11-23T18:28:08.526678+00:00
60,***,extrair_logs_***,process_logs_dag_conexao,2023-11-23T18:28:08.526678+00:00,1,manual__2023-11-23T18:28:08.526678+00:00
61,***,extrair_logs_***,process_logs_dag_conexao,2023-11-23T18:28:08.526678+00:00,3,manual__2023-11-23T18:28:08.526678+00:00
62,***,extrair_logs_***,process_logs_dag_conexao,2023-11-23T18:28:08.526678+00:00,2,manual__2023-11-23T18:28:08.526678+00:00
63,***,extrair_logs_***,process_logs_dag_conexao,2023-11-23T18:28:08.526678+00:00,1,manual__2023-11-23T18:28:08.526678+00:00
64,***,extrair_logs_***,process_logs_dag_conexao,2023-11-23T18:28:08.526678+00:00,3,manual__2023-11-23T18:28:08.526678+00:00
65,***,extrair_logs_***,process_logs_dag_conexao,2023-11-23T18:28:08.526678+00:00,2,manual__2023-11-23T18:28:08.526678+00:00
66,***,extrair_logs_***,process_logs_dag_conexao,2023-11-23T18:28:08.526678+00:00,1,manual__2023-11-23T18:28:08.526678+00:00
67,***,extrair_logs_***,process_logs_dag_conexao,2023-11-23T18:28:08.526678+00:00,3,manual__2023-11-23T18:28:08.526678+00:00
68,***,extrair_logs_***,process_logs_dag_conexao,2023-11-23T18:28:08.526678+00:00,2,manual__2023-11-23T18:28:08.526678+00:00
69,***,extrair_logs_***,process_logs_dag_conexao,2023-11-23T18:28:08.526678+00:00,1,manual__2023-11-23T18:28:08.526678+00:00
70,***,extrair_logs_***,process_logs_dag_conexao,2023-11-23T18:28:08.526678+00:00,3,manual__2023-11-23T18:28:08.526678+00:00
71,***,extrair_logs_***,process_logs_dag_conexao,2023-11-23T18:28:08.526678+00:00,2,manual__2023-11-23T18:28:08.526678+00:00
72,***,extrair_logs_***,process_logs_dag_conexao,2023-11-23T18:28:08.526678+00:00,1,manual__2023-11-23T18:28:08.526678+00:00
73,***,extrair_logs_***,process_logs_dag_conexao,2023-11-23T18:28:08.526678+00:00,3,manual__2023-11-23T18:28:08.526678+00:00
74,***,extrair_logs_***,process_logs_dag_conexao,2023-11-23T18:28:08.526678+00:00,2,manual__2023-11-23T18:28:08.526678+00:00
75,***,extrair_logs_***,process_logs_dag_conexao,2023-11-23T18:28:08.526678+00:00,1,manual__2023-11-23T18:28:08.526678+00:00
76,***,extrair_logs_***,process_logs_dag_conexao,2023-11-23T18:28:08.526678+00:00,3,manual__2023-11-23T18:28:08.526678+00:00
77,***,extrair_logs_***,process_logs_dag_conexao,2023-11-23T18:28:08.526678+00:00,2,manual__2023-11-23T18:28:08.526678+00:00
78,***,extrair_logs_***,process_logs_dag_conexao,2023-11-23T18:28:08.526678+00:00,1,manual__2023-11-23T18:28:08.526678+00:00
79,***,extrair_logs_***,process_logs_dag_conexao,2023-11-23T18:28:08.526678+00:00,3,manual__2023-11-23T18:28:08.526678+00:00
80,***,extrair_logs_***,process_logs_dag_conexao,2023-11-23T18:28:08.526678+00:00,2,manual__2023-11-23T18:28:08.526678+00:00
81,***,extrair_logs_***,process_logs_dag_conexao,2023-11-23T18:28:08.526678+00:00,1,manual__2023-11-23T18:28:08.526678+00:00
82,***,extrair_logs_***,process_logs_dag_conexao,2023-11-23T18:28:08.526678+00:00,3,manual__2023-11-23T18:28:08.526678+00:00
83,***,extrair_logs_***,process_logs_dag_conexao,2023-11-23T18:28:08.526678+00:00,2,manual__2023-11-23T18:28:08.526678+00:00
84,***,extrair_logs_***,process_logs_dag_conexao,2023-11-23T18:28:08.526678+00:00,1,manual__2023-11-23T18:28:08.526678+00:00
85,***,extrair_logs_***,process_logs_dag_conexao,2023-11-23T18:28:08.526678+00:00,3,manual__2023-11-23T18:28:08.526678+00:00
86,***,extrair_logs_***,process_logs_dag_conexao,2023-11-23T18:28:08.526678+00:00,2,manual__2023-11-23T18:28:08.526678+00:00
87,***,extrair_logs_***,process_logs_dag_conexao,2023-11-23T18:28:08.526678+00:00,1,manual__2023-11-23T18:28:08.526678+00:00
88,***,extrair_logs_***,process_logs_dag_conexao,2023-11-23T18:28:08.526678+00:00,3,manual__2023-11-23T18:28:08.526678+00:00
89,***,extrair_logs_***,process_logs_dag_conexao,2023-11-23T18:28:08.526678+00:00,2,manual__2023-11-23T18:28:08.526678+00:00
90,***,extrair_logs_***,process_logs_dag_conexao,2023-11-23T18:28:08.526678+00:00,1,manual__2023-11-23T18:28:08.526678+00:00
91,***,extrair_logs_***,process_logs_dag_conexao,2023-11-23T18:28:08.526678+00:00,3,manual__2023-11-23T18:28:08.526678+00:00
92,***,extrair_logs_***,process_logs_dag_conexao,2023-11-23T18:28:08.526678+00:00,2,manual__2023-11-23T18:28:08.526678+00:00
93,***,extrair_logs_***,process_logs_dag_conexao,2023-11-23T18:28:08.526678+00:00,1,manual__2023-11-23T18:28:08.526678+00:00
94,***,extrair_logs_***,process_logs_dag_conexao,2023-11-23T18:28:08.526678+00:00,3,manual__2023-11-23T18:28:08.526678+00:00
95,***,extrair_logs_***,process_logs_dag_conexao,2023-11-23T18:28:08.526678+00:00,2,manual__2023-11-23T18:28:08.526678+00:00
96,***,extrair_logs_***,process_logs_dag_conexao,2023-11-23T18:28:08.526678+00:00,1,manual__2023-11-23T18:28:08.526678+00:00
97,***,extrair_logs_***,process_logs_dag_conexao,2023-11-23T18:28:08.526678+00:00,3,manual__2023-11-23T18:28:08.526678+00:00
98,***,extrair_logs_***,process_logs_dag_conexao,2023-11-23T18:28:08.526678+00:00,2,manual__2023-11-23T18:28:08.526678+00:00
99,***,extrair_logs_***,process_logs_dag_conexao,2023-11-23T18:28:08.526678+00:00,1,manual__2023-11-23T18:28:08.526678+00:00
100,***,extrair_logs_***,process_logs_dag_conexao,2023-11-23T18:28:08.526678+00:00,3,manual__2023-11-23T18:28:08.526678+00:00
101,***,extrair_logs_***,process_logs_dag_conexao,2023-11-23T18:28:08.526678+00:00,2,manual__2023-11-23T18:28:08.526678+00:00
102,***,extrair_logs_***,process_logs_dag_conexao,2023-11-23T18:28:08.526678+00:00,1,manual__2023-11-23T18:28:08.526678+00:00
103,***,extrair_logs_***,process_logs_dag_conexao,2023-11-23T18:28:08.526678+00:00,3,manual__2023-11-23T18:28:08.526678+00:00
104,***,extrair_logs_***,process_logs_dag_conexao,2023-11-23T18:28:08.526678+00:00,2,manual__2023-11-23T18:28:08.526678+00:00
105,***,extrair_logs_***,process_logs_dag_conexao,2023-11-23T18:28:08.526678+00:00,1,manual__2023-11-23T18:28:08.526678+00:00
106,***,extrair_logs_***,process_logs_dag_conexao,2023-11-23T18:28:08.526678+00:00,3,manual__2023-11-23T18:28:08.526678+00:00
107,***,extrair_logs_***,process_logs_dag_conexao,2023-11-23T18:28:08.526678+00:00,2,manual__2023-11-23T18:28:08.526678+00:00
108,***,extrair_logs_***,process_logs_dag_conexao,2023-11-23T18:28:08.526678+00:00,1,manual__2023-11-23T18:28:08.526678+00:00
109,***,extrair_logs_***,process_logs_dag_conexao,2023-11-23T18:28:08.526678+00:00,3,manual__2023-11-23T18:28:08.526678+00:00
110,***,extrair_logs_***,process_logs_dag_conexao,2023-11-23T18:28:08.526678+00:00,2,manual__2023-11-23T18:28:08.526678+00:00
111,***,extrair_logs_***,process_logs_dag_conexao,2023-11-23T18:28:08.526678+00:00,1,manual__2023-11-23T18:28:08.526678+00:00
112,***,extrair_logs_***,process_logs_dag_conexao,2023-11-23T18:28:08.526678+00:00,3,manual__2023-11-23T18:28:08.526678+00:00
113,***,extrair_logs_***,process_logs_dag_conexao,2023-11-23T18:28:08.526678+00:00,2,manual__2023-11-23T18:28:08.526678+00:00
114,***,extrair_logs_***,process_logs_dag_conexao,2023-11-23T18:28:08.526678+00:00,1,manual__2023-11-23T18:28:08.526678+00:00
115,***,extrair_logs_***,process_logs_dag_conexao,2023-11-23T18:28:08.526678+00:00,3,manual__2023-11-23T18:28:08.526678+00:00
116,***,extrair_logs_***,process_logs_dag_conexao,2023-11-23T18:28:08.526678+00:00,2,manual__2023-11-23T18:28:08.526678+00:00
117,***,extrair_logs_***,process_logs_dag_conexao,2023-11-23T18:28:08.526678+00:00,1,manual__2023-11-23T18:28:08.526678+00:00
118,***,extrair_logs_***,process_logs_dag_conexao,2023-11-23T18:28:08.526678+00:00,3,manual__2023-11-23T18:28:08.526678+00:00
119,***,extrair_logs_***,process_logs_dag_conexao,2023-11-23T18:28:08.526678+00:00,2,manual__2023-11-23T18:28:08.526678+00:00
120,***,extrair_logs_***,process_logs_dag_conexao,2023-11-23T18:28:08.526678+00:00,1,manual__2023-11-23T18:28:08.526678+00:00
121,***,extrair_logs_***,process_logs_dag_conexao,2023-11-23T18:28:08.526678+00:00,3,manual__2023-11-23T18:28:08.526678+00:00
122,***,extrair_logs_***,process_logs_dag_conexao,2023-11-23T18:28:08.526678+00:00,2,manual__2023-11-23T18:28:08.526678+00:00
123,***,extrair_logs_***,process_logs_dag_conexao,2023-11-23T18:28:08.526678+00:00,1,manual__2023-11-23T18:28:08.526678+00:00
124,***,extrair_logs_***,process_logs_dag_conexao,2023-11-23T18:28:08.526678+00:00,3,manual__2023-11-23T18:28:08.526678+00:00
125,***,extrair_logs_***,process_logs_dag_conexao,2023-11-23T18:28:08.526678+00:00,2,manual__2023-11-23T18:28:08.526678+00:00
126,***,extrair_logs_***,process_logs_dag_conexao,2023-11-23T18:28:08.526678+00:00,1,manual__2023-11-23T18:28:08.526678+00:00
127,***,extrair_logs_***,process_logs_dag_conexao,2023-11-23T18:28:08.526678+00:00,3,manual__2023-11-23T18:28:08.526678+00:00
128,***,extrair_logs_***,process_logs_dag_conexao,2023-11-23T18:28:08.526678+00:00,2,manual__2023-11-23T18:28:08.526678+00:00
129,***,extrair_logs_***,process_logs_dag_conexao,2023-11-23T18:28:08.526678+00:00,1,manual__2023-11-23T18:28:08.526678+00:00
130,***,extrair_logs_***,process_logs_dag_conexao,2023-11-23T18:28:08.526678+00:00,3,manual__2023-11-23T18:28:08.526678+00:00
131,***,extrair_logs_***,process_logs_dag_conexao,2023-11-23T18:28:08.526678+00:00,2,manual__2023-11-23T18:28:08.526678+00:00
132,***,extrair_logs_***,process_logs_dag_conexao,2023-11-23T18:28:08.526678+00:00,1,manual__2023-11-23T18:28:08.526678+00:00
133,***,extrair_logs_***,process_logs_dag_conexao,2023-11-23T18:28:08.526678+00:00,3,manual__2023-11-23T18:28:08.526678+00:00
134,***,extrair_logs_***,process_logs_dag_conexao,2023-11-23T18:28:08.526678+00:00,2,manual__2023-11-23T18:28:08.526678+00:00
135,***,extrair_logs_***,process_logs_dag_conexao,2023-11-23T18:28:08.526678+00:00,1,manual__2023-11-23T18:28:08.526678+00:00
136,***,extrair_logs_***,process_logs_dag_conexao,2023-11-23T18:28:08.526678+00:00,3,manual__2023-11-23T18:28:08.526678+00:00
137,***,extrair_logs_***,process_logs_dag_conexao,2023-11-23T18:28:08.526678+00:00,2,manual__2023-11-23T18:28:08.526678+00:00
138,***,extrair_logs_***,process_logs_dag_conexao,2023-11-23T18:28:08.526678+00:00,1,manual__2023-11-23T18:28:08.526678+00:00
139,***,extrair_logs_***,process_logs_dag_conexao,2023-11-23T18:28:08.526678+00:00,3,manual__2023-11-23T18:28:08.526678+00:00
140,***,extrair_logs_***,process_logs_dag_conexao,2023-11-23T18:28:08.526678+00:00,2,manual__2023-11-23T18:28:08.526678+00:00
141,***,extrair_logs_***,process_logs_dag_conexao,2023-11-23T18:28:08.526678+00:00,1,manual__2023-11-23T18:28:08.526678+00:00
142,***,extrair_logs_***,process_logs_dag_conexao,2023-11-23T18:28:08.526678+00:00,3,manual__2023-11-23T18:28:08.526678+00:00
143,***,extrair_logs_***,process_logs_dag_conexao,2023-11-23T18:28:08.526678+00:00,2,manual__2023-11-23T18:28:08.526678+00:00
144,***,extrair_logs_***,process_logs_dag_conexao,2023-11-23T18:28:08.526678+00:00,1,manual__2023-11-23T18:28:08.526678+00:00
145,***,extrair_logs_***,process_logs_dag_conexao,2023-11-23T18:28:08.526678+00:00,3,manual__2023-11-23T18:28:08.526678+00:00
146,***,extrair_logs_***,encontrar_ocorrencias_logs_dag_conexao,2023-11-23T18:28:08.526678+00:00,1,manual__2023-11-23T18:28:08.526678+00:00
147,***,extrair_logs_***,encontrar_ocorrencias_logs_dag_conexao,2023-11-23T18:28:08.526678+00:00,1,manual__2023-11-23T18:28:08.526678+00:00
148,***,extrair_logs_***,encontrar_ocorrencias_logs_dag_conexao,2023-11-23T18:28:08.526678+00:00,1,manual__2023-11-23T18:28:08.526678+00:00
149,***,extrair_logs_***,encontrar_ocorrencias_logs_dag_conexao,2023-11-23T18:28:08.526678+00:00,1,manual__2023-11-23T18:28:08.526678+00:00
150,***,extrair_logs_***,encontrar_ocorrencias_logs_dag_conexao,2023-11-23T18:28:08.526678+00:00,1,manual__2023-11-23T18:28:08.526678+00:00
151,***,extrair_logs_***,encontrar_ocorrencias_logs_dag_conexao,2023-11-23T18:28:08.526678+00:00,1,manual__2023-11-23T18:28:08.526678+00:00
152,***,extrair_logs_***,encontrar_ocorrencias_logs_dag_conexao,2023-11-23T18:28:08.526678+00:00,1,manual__2023-11-23T18:28:08.526678+00:00
153,***,extrair_logs_***,encontrar_ocorrencias_logs_dag_conexao,2023-11-23T18:28:08.526678+00:00,1,manual__2023-11-23T18:28:08.526678+00:00
154,***,extrair_logs_***,encontrar_ocorrencias_logs_dag_conexao,2023-11-23T18:28:08.526678+00:00,1,manual__2023-11-23T18:28:08.526678+00:00
155,***,extrair_logs_***,encontrar_ocorrencias_logs_dag_conexao,2023-11-23T18:28:08.526678+00:00,1,manual__2023-11-23T18:28:08.526678+00:00
156,***,extrair_logs_***,encontrar_ocorrencias_logs_dag_conexao,2023-11-23T18:28:08.526678+00:00,1,manual__2023-11-23T18:28:08.526678+00:00
157,***,extrair_logs_***,encontrar_ocorrencias_logs_dag_conexao,2023-11-23T18:28:08.526678+00:00,2,manual__2023-11-23T18:28:08.526678+00:00
158,***,extrair_logs_***,encontrar_ocorrencias_logs_dag_conexao,2023-11-23T18:28:08.526678+00:00,1,manual__2023-11-23T18:28:08.526678+00:00
159,***,extrair_logs_***,encontrar_ocorrencias_logs_dag_conexao,2023-11-23T18:28:08.526678+00:00,2,manual__2023-11-23T18:28:08.526678+00:00
160,***,extrair_logs_***,encontrar_ocorrencias_logs_dag_conexao,2023-11-23T18:28:08.526678+00:00,1,manual__2023-11-23T18:28:08.526678+00:00
161,***,extrair_logs_***,encontrar_ocorrencias_logs_dag_conexao,2023-11-23T18:28:08.526678+00:00,2,manual__2023-11-23T18:28:08.526678+00:00
162,***,extrair_logs_***,encontrar_ocorrencias_logs_dag_conexao,2023-11-23T18:28:08.526678+00:00,1,manual__2023-11-23T18:28:08.526678+00:00
163,***,extrair_logs_***,encontrar_ocorrencias_logs_dag_conexao,2023-11-23T18:28:08.526678+00:00,2,manual__2023-11-23T18:28:08.526678+00:00
164,***,extrair_logs_***,encontrar_ocorrencias_logs_dag_conexao,2023-11-23T18:28:08.526678+00:00,1,manual__2023-11-23T18:28:08.526678+00:00
165,***,extrair_logs_***,encontrar_ocorrencias_logs_dag_conexao,2023-11-23T18:28:08.526678+00:00,2,manual__2023-11-23T18:28:08.526678+00:00
166,***,extrair_logs_***,encontrar_ocorrencias_logs_dag_conexao,2023-11-23T18:28:08.526678+00:00,1,manual__2023-11-23T18:28:08.526678+00:00
167,***,extrair_logs_***,encontrar_ocorrencias_logs_dag_conexao,2023-11-23T18:28:08.526678+00:00,2,manual__2023-11-23T18:28:08.526678+00:00
168,***,extrair_logs_***,encontrar_ocorrencias_logs_dag_conexao,2023-11-23T18:28:08.526678+00:00,1,manual__2023-11-23T18:28:08.526678+00:00
169,***,extrair_logs_***,encontrar_ocorrencias_logs_dag_conexao,2023-11-23T18:28:08.526678+00:00,2,manual__2023-11-23T18:28:08.526678+00:00
170,***,extrair_logs_***,encontrar_ocorrencias_logs_dag_conexao,2023-11-23T18:28:08.526678+00:00,1,manual__2023-11-23T18:28:08.526678+00:00
171,***,extrair_logs_***,encontrar_ocorrencias_logs_dag_conexao,2023-11-23T18:28:08.526678+00:00,2,manual__2023-11-23T18:28:08.526678+00:00
172,***,extrair_logs_***,encontrar_ocorrencias_logs_dag_conexao,2023-11-23T18:28:08.526678+00:00,1,manual__2023-11-23T18:28:08.526678+00:00
173,***,extrair_logs_***,encontrar_ocorrencias_logs_dag_conexao,2023-11-23T18:28:08.526678+00:00,2,manual__2023-11-23T18:28:08.526678+00:00
174,***,extrair_logs_***,encontrar_ocorrencias_logs_dag_conexao,2023-11-23T18:28:08.526678+00:00,1,manual__2023-11-23T18:28:08.526678+00:00
175,***,extrair_logs_***,encontrar_ocorrencias_logs_dag_conexao,2023-11-23T18:28:08.526678+00:00,2,manual__2023-11-23T18:28:08.526678+00:00
176,***,extrair_logs_***,encontrar_ocorrencias_logs_dag_conexao,2023-11-23T18:28:08.526678+00:00,1,manual__2023-11-23T18:28:08.526678+00:00
177,***,extrair_logs_***,encontrar_ocorrencias_logs_dag_conexao,2023-11-23T18:28:08.526678+00:00,2,manual__2023-11-23T18:28:08.526678+00:00
178,***,extrair_logs_***,encontrar_ocorrencias_logs_dag_conexao,2023-11-23T18:28:08.526678+00:00,1,manual__2023-11-23T18:28:08.526678+00:00
179,***,extrair_logs_***,encontrar_ocorrencias_logs_dag_conexao,2023-11-23T18:28:08.526678+00:00,2,manual__2023-11-23T18:28:08.526678+00:00
180,***,extrair_logs_***,encontrar_ocorrencias_logs_dag_conexao,2023-11-23T18:28:08.526678+00:00,1,manual__2023-11-23T18:28:08.526678+00:00
181,***,extrair_logs_***,encontrar_ocorrencias_logs_dag_conexao,2023-11-23T18:28:08.526678+00:00,2,manual__2023-11-23T18:28:08.526678+00:00
182,***,extrair_logs_***,encontrar_ocorrencias_logs_dag_conexao,2023-11-23T18:28:08.526678+00:00,1,manual__2023-11-23T18:28:08.526678+00:00
183,***,extrair_logs_***,encontrar_ocorrencias_logs_dag_conexao,2023-11-23T18:28:08.526678+00:00,2,manual__2023-11-23T18:28:08.526678+00:00
184,***,extrair_logs_***,encontrar_ocorrencias_logs_dag_conexao,2023-11-23T18:28:08.526678+00:00,1,manual__2023-11-23T18:28:08.526678+00:00
185,***,extrair_logs_***,encontrar_ocorrencias_logs_dag_conexao,2023-11-23T18:28:08.526678+00:00,2,manual__2023-11-23T18:28:08.526678+00:00
186,***,extrair_logs_***,encontrar_ocorrencias_logs_dag_conexao,2023-11-23T18:28:08.526678+00:00,1,manual__2023-11-23T18:28:08.526678+00:00
187,***,extrair_logs_***,encontrar_ocorrencias_logs_dag_conexao,2023-11-23T18:28:08.526678+00:00,2,manual__2023-11-23T18:28:08.526678+00:00
188,***,extrair_logs_***,encontrar_ocorrencias_logs_dag_conexao,2023-11-23T18:28:08.526678+00:00,1,manual__2023-11-23T18:28:08.526678+00:00
189,***,extrair_logs_***,encontrar_ocorrencias_logs_dag_conexao,2023-11-23T18:28:08.526678+00:00,2,manual__2023-11-23T18:28:08.526678+00:00
190,***,extrair_logs_***,encontrar_ocorrencias_logs_dag_conexao,2023-11-23T18:28:08.526678+00:00,1,manual__2023-11-23T18:28:08.526678+00:00
191,***,extrair_logs_***,encontrar_ocorrencias_logs_dag_conexao,2023-11-23T18:28:08.526678+00:00,2,manual__2023-11-23T18:28:08.526678+00:00
192,***,extrair_logs_***,encontrar_ocorrencias_logs_dag_conexao,2023-11-23T18:28:08.526678+00:00,1,manual__2023-11-23T18:28:08.526678+00:00
193,***,extrair_logs_***,encontrar_ocorrencias_logs_dag_conexao,2023-11-23T18:28:08.526678+00:00,2,manual__2023-11-23T18:28:08.526678+00:00
194,***,extrair_logs_***,encontrar_ocorrencias_logs_dag_conexao,2023-11-23T18:28:08.526678+00:00,1,manual__2023-11-23T18:28:08.526678+00:00
195,***,extrair_logs_***,encontrar_ocorrencias_logs_dag_conexao,2023-11-23T18:28:08.526678+00:00,2,manual__2023-11-23T18:28:08.526678+00:00
196,***,extrair_logs_***,encontrar_ocorrencias_logs_dag_conexao,2023-11-23T18:28:08.526678+00:00,1,manual__2023-11-23T18:28:08.526678+00:00
197,***,extrair_logs_***,encontrar_ocorrencias_logs_dag_conexao,2023-11-23T18:28:08.526678+00:00,2,manual__2023-11-23T18:28:08.526678+00:00
198,***,extrair_logs_***,encontrar_ocorrencias_logs_dag_conexao,2023-11-23T18:28:08.526678+00:00,1,manual__2023-11-23T18:28:08.526678+00:00
199,***,extrair_logs_***,encontrar_ocorrencias_logs_dag_conexao,2023-11-23T18:28:08.526678+00:00,2,manual__2023-11-23T18:28:08.526678+00:00
200,***,extrair_logs_***,encontrar_ocorrencias_logs_dag_conexao,2023-11-23T18:28:08.526678+00:00,1,manual__2023-11-23T18:28:08.526678+00:00
201,***,extrair_logs_***,encontrar_ocorrencias_logs_dag_conexao,2023-11-23T18:28:08.526678+00:00,2,manual__2023-11-23T18:28:08.526678+00:00
202,***,extrair_logs_***,encontrar_ocorrencias_logs_dag_conexao,2023-11-23T18:28:08.526678+00:00,1,manual__2023-11-23T18:28:08.526678+00:00
203,***,extrair_logs_***,encontrar_ocorrencias_logs_dag_conexao,2023-11-23T18:28:08.526678+00:00,2,manual__2023-11-23T18:28:08.526678+00:00
204,***,extrair_logs_***,encontrar_ocorrencias_logs_dag_conexao,2023-11-23T18:28:08.526678+00:00,1,manual__2023-11-23T18:28:08.526678+00:00
205,***,extrair_logs_***,encontrar_ocorrencias_logs_dag_conexao,2023-11-23T18:28:08.526678+00:00,2,manual__2023-11-23T18:28:08.526678+00:00
206,***,extrair_logs_***,encontrar_ocorrencias_logs_dag_conexao,2023-11-23T18:28:08.526678+00:00,1,manual__2023-11-23T18:28:08.526678+00:00
207,***,extrair_logs_***,encontrar_ocorrencias_logs_dag_conexao,2023-11-23T18:28:08.526678+00:00,2,manual__2023-11-23T18:28:08.526678+00:00
208,***,extrair_logs_***,encontrar_ocorrencias_logs_dag_conexao,2023-11-23T18:28:08.526678+00:00,1,manual__2023-11-23T18:28:08.526678+00:00
209,***,extrair_logs_***,encontrar_ocorrencias_logs_dag_conexao,2023-11-23T18:28:08.526678+00:00,2,manual__2023-11-23T18:28:08.526678+00:00
210,***,extrair_logs_***,encontrar_ocorrencias_logs_dag_conexao,2023-11-23T18:28:08.526678+00:00,1,manual__2023-11-23T18:28:08.526678+00:00
211,***,extrair_logs_***,encontrar_ocorrencias_logs_dag_conexao,2023-11-23T18:28:08.526678+00:00,2,manual__2023-11-23T18:28:08.526678+00:00
212,***,extrair_logs_***,encontrar_ocorrencias_logs_dag_conexao,2023-11-23T18:28:08.526678+00:00,1,manual__2023-11-23T18:28:08.526678+00:00
213,***,extrair_logs_***,encontrar_ocorrencias_logs_dag_conexao,2023-11-23T18:28:08.526678+00:00,2,manual__2023-11-23T18:28:08.526678+00:00
214,***,extrair_logs_***,encontrar_ocorrencias_logs_dag_conexao,2023-11-23T18:28:08.526678+00:00,1,manual__2023-11-23T18:28:08.526678+00:00
215,***,extrair_logs_***,encontrar_ocorrencias_logs_dag_conexao,2023-11-23T18:28:08.526678+00:00,2,manual__2023-11-23T18:28:08.526678+00:00
216,***,extrair_logs_***,encontrar_ocorrencias_logs_dag_conexao,2023-11-23T18:28:08.526678+00:00,1,manual__2023-11-23T18:28:08.526678+00:00
217,***,extrair_logs_***,encontrar_ocorrencias_logs_dag_conexao,2023-11-23T18:28:08.526678+00:00,2,manual__2023-11-23T18:28:08.526678+00:00
218,***,extrair_logs_***,encontrar_ocorrencias_logs_dag_conexao,2023-11-23T18:28:08.526678+00:00,1,manual__2023-11-23T18:28:08.526678+00:00
219,***,extrair_logs_***,extrair_logs_dag_conexao,2023-11-23T16:01:59.762109+00:00,7,manual__2023-11-23T16:01:59.762109+00:00
220,***,extrair_logs_***,extrair_logs_dag_conexao,2023-11-23T16:01:59.762109+00:00,7,manual__2023-11-23T16:01:59.762109+00:00
221,***,extrair_logs_***,extrair_logs_dag_conexao,2023-11-23T16:01:59.762109+00:00,7,manual__2023-11-23T16:01:59.762109+00:00
222,***,extrair_logs_***,extrair_logs_dag_conexao,2023-11-23T16:01:59.762109+00:00,7,manual__2023-11-23T16:01:59.762109+00:00
223,***,extrair_logs_***,extrair_logs_dag_conexao,2023-11-23T16:01:59.762109+00:00,7,manual__2023-11-23T16:01:59.762109+00:00
224,***,extrair_logs_***,extrair_logs_dag_conexao,2023-11-23T16:01:59.762109+00:00,7,manual__2023-11-23T16:01:59.762109+00:00
225,***,extrair_logs_***,extrair_logs_dag_conexao,2023-11-23T16:01:59.762109+00:00,7,manual__2023-11-23T16:01:59.762109+00:00
226,***,extrair_logs_***,extrair_logs_dag_conexao,2023-11-23T16:01:59.762109+00:00,7,manual__2023-11-23T16:01:59.762109+00:00
227,***,extrair_logs_***,extrair_logs_dag_conexao,2023-11-23T16:01:59.762109+00:00,7,manual__2023-11-23T16:01:59.762109+00:00
228,***,extrair_logs_***,extrair_logs_dag_conexao,2023-11-23T16:01:59.762109+00:00,7,manual__2023-11-23T16:01:59.762109+00:00
229,***,extrair_logs_***,extrair_logs_dag_conexao,2023-11-23T16:01:59.762109+00:00,7,manual__2023-11-23T16:01:59.762109+00:00
230,***,extrair_logs_***,extrair_logs_dag_conexao,2023-11-23T16:01:59.762109+00:00,7,manual__2023-11-23T16:01:59.762109+00:00
231,***,extrair_logs_***,extrair_logs_dag_conexao,2023-11-23T16:01:59.762109+00:00,7,manual__2023-11-23T16:01:59.762109+00:00
232,***,extrair_logs_***,extrair_logs_dag_conexao,2023-11-23T16:01:59.762109+00:00,7,manual__2023-11-23T16:01:59.762109+00:00
233,***,extrair_logs_***,extrair_logs_dag_conexao,2023-11-23T16:01:59.762109+00:00,7,manual__2023-11-23T16:01:59.762109+00:00
234,***,extrair_logs_***,extrair_logs_dag_conexao,2023-11-23T16:01:59.762109+00:00,7,manual__2023-11-23T16:01:59.762109+00:00
235,***,extrair_logs_***,extrair_logs_dag_conexao,2023-11-23T16:01:59.762109+00:00,7,manual__2023-11-23T16:01:59.762109+00:00
236,***,extrair_logs_***,extrair_logs_dag_conexao,2023-11-23T16:01:59.762109+00:00,7,manual__2023-11-23T16:01:59.762109+00:00
237,***,extrair_logs_***,extrair_logs_dag_conexao,2023-11-23T16:01:59.762109+00:00,7,manual__2023-11-23T16:01:59.762109+00:00
238,***,extrair_logs_***,extrair_logs_dag_conexao,2023-11-23T16:01:59.762109+00:00,7,manual__2023-11-23T16:01:59.762109+00:00
239,***,extrair_logs_***,extrair_logs_dag_conexao,2023-11-23T16:01:59.762109+00:00,7,manual__2023-11-23T16:01:59.762109+00:00
240,***,extrair_logs_***,extrair_logs_dag_conexao,2023-11-23T16:01:59.762109+00:00,7,manual__2023-11-23T16:01:59.762109+00:00
241,***,extrair_logs_***,extrair_logs_dag_conexao,2023-11-23T16:01:59.762109+00:00,7,manual__2023-11-23T16:01:59.762109+00:00
242,***,extrair_logs_***,extrair_logs_dag_conexao,2023-11-23T16:01:59.762109+00:00,7,manual__2023-11-23T16:01:59.762109+00:00
243,***,extrair_logs_***,extrair_logs_dag_conexao,2023-11-23T16:01:59.762109+00:00,7,manual__2023-11-23T16:01:59.762109+00:00
244,***,extrair_logs_***,extrair_logs_dag_conexao,2023-11-23T16:01:59.762109+00:00,7,manual__2023-11-23T16:01:59.762109+00:00
245,***,extrair_logs_***,extrair_logs_dag_conexao,2023-11-23T16:01:59.762109+00:00,7,manual__2023-11-23T16:01:59.762109+00:00
246,***,extrair_logs_***,extrair_logs_dag_conexao,2023-11-23T16:01:59.762109+00:00,7,manual__2023-11-23T16:01:59.762109+00:00
247,***,extrair_logs_***,extrair_logs_dag_conexao,2023-11-23T18:28:08.526678+00:00,1,manual__2023-11-23T18:28:08.526678+00:00
248,***,extrair_logs_***,extrair_logs_dag_conexao,2023-11-23T16:01:59.762109+00:00,7,manual__2023-11-23T16:01:59.762109+00:00
249,***,extrair_logs_***,extrair_logs_dag_conexao,2023-11-23T18:28:08.526678+00:00,1,manual__2023-11-23T18:28:08.526678+00:00
250,***,extrair_logs_***,extrair_logs_dag_conexao,2023-11-23T16:01:59.762109+00:00,7,manual__2023-11-23T16:01:59.762109+00:00
251,***,extrair_logs_***,extrair_logs_dag_conexao,2023-11-23T18:28:08.526678+00:00,1,manual__2023-11-23T18:28:08.526678+00:00
252,***,extrair_logs_***,extrair_logs_dag_conexao,2023-11-23T16:01:59.762109+00:00,7,manual__2023-11-23T16:01:59.762109+00:00
253,***,extrair_logs_***,extrair_logs_dag_conexao,2023-11-23T18:28:08.526678+00:00,1,manual__2023-11-23T18:28:08.526678+00:00
254,***,extrair_logs_***,extrair_logs_dag_conexao,2023-11-23T16:01:59.762109+00:00,7,manual__2023-11-23T16:01:59.762109+00:00
255,***,extrair_logs_***,extrair_logs_dag_conexao,2023-11-23T18:28:08.526678+00:00,1,manual__2023-11-23T18:28:08.526678+00:00
256,***,extrair_logs_***,extrair_logs_dag_conexao,2023-11-23T16:01:59.762109+00:00,7,manual__2023-11-23T16:01:59.762109+00:00
257,***,extrair_logs_***,extrair_logs_dag_conexao,2023-11-23T18:28:08.526678+00:00,1,manual__2023-11-23T18:28:08.526678+00:00
258,***,extrair_logs_***,extrair_logs_dag_conexao,2023-11-23T16:01:59.762109+00:00,7,manual__2023-11-23T16:01:59.762109+00:00
259,***,extrair_logs_***,extrair_logs_dag_conexao,2023-11-23T18:28:08.526678+00:00,1,manual__2023-11-23T18:28:08.526678+00:00
260,***,extrair_logs_***,extrair_logs_dag_conexao,2023-11-23T16:01:59.762109+00:00,7,manual__2023-11-23T16:01:59.762109+00:00
261,***,extrair_logs_***,extrair_logs_dag_conexao,2023-11-23T18:28:08.526678+00:00,1,manual__2023-11-23T18:28:08.526678+00:00
262,***,extrair_logs_***,extrair_logs_dag_conexao,2023-11-23T16:01:59.762109+00:00,7,manual__2023-11-23T16:01:59.762109+00:00
263,***,extrair_logs_***,extrair_logs_dag_conexao,2023-11-23T18:28:08.526678+00:00,1,manual__2023-11-23T18:28:08.526678+00:00
264,***,extrair_logs_***,extrair_logs_dag_conexao,2023-11-23T16:01:59.762109+00:00,7,manual__2023-11-23T16:01:59.762109+00:00
265,***,extrair_logs_***,extrair_logs_dag_conexao,2023-11-23T18:28:08.526678+00:00,1,manual__2023-11-23T18:28:08.526678+00:00
266,***,extrair_logs_***,extrair_logs_dag_conexao,2023-11-23T16:01:59.762109+00:00,7,manual__2023-11-23T16:01:59.762109+00:00
267,***,extrair_logs_***,extrair_logs_dag_conexao,2023-11-23T18:28:08.526678+00:00,1,manual__2023-11-23T18:28:08.526678+00:00
268,***,extrair_logs_***,extrair_logs_dag_conexao,2023-11-23T16:01:59.762109+00:00,7,manual__2023-11-23T16:01:59.762109+00:00
269,***,extrair_logs_***,extrair_logs_dag_conexao,2023-11-23T18:28:08.526678+00:00,1,manual__2023-11-23T18:28:08.526678+00:00
270,***,extrair_logs_***,extrair_logs_dag_conexao,2023-11-23T16:01:59.762109+00:00,7,manual__2023-11-23T16:01:59.762109+00:00
271,***,extrair_logs_***,extrair_logs_dag_conexao,2023-11-23T18:28:08.526678+00:00,1,manual__2023-11-23T18:28:08.526678+00:00
272,***,extrair_logs_***,extrair_logs_dag_conexao,2023-11-23T16:01:59.762109+00:00,7,manual__2023-11-23T16:01:59.762109+00:00
273,***,extrair_logs_***,extrair_logs_dag_conexao,2023-11-23T18:28:08.526678+00:00,1,manual__2023-11-23T18:28:08.526678+00:00
274,***,extrair_logs_***,extrair_logs_dag_conexao,2023-11-23T16:01:59.762109+00:00,7,manual__2023-11-23T16:01:59.762109+00:00
275,***,extrair_logs_***,extrair_logs_dag_conexao,2023-11-23T18:28:08.526678+00:00,1,manual__2023-11-23T18:28:08.526678+00:00
276,***,extrair_logs_***,extrair_logs_dag_conexao,2023-11-23T16:01:59.762109+00:00,7,manual__2023-11-23T16:01:59.762109+00:00
277,***,extrair_logs_***,extrair_logs_dag_conexao,2023-11-23T18:28:08.526678+00:00,1,manual__2023-11-23T18:28:08.526678+00:00
278,***,extrair_logs_***,extrair_logs_dag_conexao,2023-11-23T16:01:59.762109+00:00,7,manual__2023-11-23T16:01:59.762109+00:00
279,***,extrair_logs_***,extrair_logs_dag_conexao,2023-11-23T18:28:08.526678+00:00,1,manual__2023-11-23T18:28:08.526678+00:00
280,***,extrair_logs_***,extrair_logs_dag_conexao,2023-11-23T16:01:59.762109+00:00,7,manual__2023-11-23T16:01:59.762109+00:00
281,***,extrair_logs_***,extrair_logs_dag_conexao,2023-11-23T18:28:08.526678+00:00,1,manual__2023-11-23T18:28:08.526678+00:00
282,***,extrair_logs_***,extrair_logs_dag_conexao,2023-11-23T16:01:59.762109+00:00,7,manual__2023-11-23T16:01:59.762109+00:00
283,***,extrair_logs_***,extrair_logs_dag_conexao,2023-11-23T18:28:08.526678+00:00,1,manual__2023-11-23T18:28:08.526678+00:00
284,***,extrair_logs_***,extrair_logs_dag_conexao,2023-11-23T16:01:59.762109+00:00,7,manual__2023-11-23T16:01:59.762109+00:00
285,***,extrair_logs_***,extrair_logs_dag_conexao,2023-11-23T18:28:08.526678+00:00,1,manual__2023-11-23T18:28:08.526678+00:00
286,***,extrair_logs_***,extrair_logs_dag_conexao,2023-11-23T16:01:59.762109+00:00,7,manual__2023-11-23T16:01:59.762109+00:00
287,***,extrair_logs_***,extrair_logs_dag_conexao,2023-11-23T18:28:08.526678+00:00,1,manual__2023-11-23T18:28:08.526678+00:00
288,***,extrair_logs_***,extrair_logs_dag_conexao,2023-11-23T16:01:59.762109+00:00,7,manual__2023-11-23T16:01:59.762109+00:00
289,***,extrair_logs_***,extrair_logs_dag_conexao,2023-11-23T18:28:08.526678+00:00,1,manual__2023-11-23T18:28:08.526678+00:00
290,***,extrair_logs_***,extrair_logs_dag_conexao,2023-11-23T16:01:59.762109+00:00,7,manual__2023-11-23T16:01:59.762109+00:00
291,***,extrair_logs_***,extrair_logs_dag_conexao,2023-11-23T18:28:08.526678+00:00,1,manual__2023-11-23T18:28:08.526678+00:00
292,***,extrair_logs_***,extrair_logs_dag_conexao,2023-11-23T16:01:59.762109+00:00,7,manual__2023-11-23T16:01:59.762109+00:00
293,***,extrair_logs_***,extrair_logs_dag_conexao,2023-11-23T18:28:08.526678+00:00,1,manual__2023-11-23T18:28:08.526678+00:00
294,***,extrair_logs_***,extrair_logs_dag_conexao,2023-11-23T16:01:59.762109+00:00,7,manual__2023-11-23T16:01:59.762109+00:00
295,***,extrair_logs_***,extrair_logs_dag_conexao,2023-11-23T18:28:08.526678+00:00,1,manual__2023-11-23T18:28:08.526678+00:00
296,***,extrair_logs_***,extrair_logs_dag_conexao,2023-11-23T16:01:59.762109+00:00,7,manual__2023-11-23T16:01:59.762109+00:00
297,***,extrair_logs_***,extrair_logs_dag_conexao,2023-11-23T18:28:08.526678+00:00,1,manual__2023-11-23T18:28:08.526678+00:00
298,***,extrair_logs_***,extrair_logs_dag_conexao,2023-11-23T16:01:59.762109+00:00,7,manual__2023-11-23T16:01:59.762109+00:00
299,***,extrair_logs_***,extrair_logs_dag_conexao,2023-11-23T18:28:08.526678+00:00,1,manual__2023-11-23T18:28:08.526678+00:00
300,***,extrair_logs_***,extrair_logs_dag_conexao,2023-11-23T16:01:59.762109+00:00,7,manual__2023-11-23T16:01:59.762109+00:00
301,***,extrair_logs_***,extrair_logs_dag_conexao,2023-11-23T18:28:08.526678+00:00,1,manual__2023-11-23T18:28:08.526678+00:00
302,***,extrair_logs_***,extrair_logs_dag_conexao,2023-11-23T16:01:59.762109+00:00,7,manual__2023-11-23T16:01:59.762109+00:00
303,***,extrair_logs_***,extrair_logs_dag_conexao,2023-11-23T18:28:08.526678+00:00,1,manual__2023-11-23T18:28:08.526678+00:00
304,***,extrair_logs_***,extrair_logs_dag_conexao,2023-11-23T16:01:59.762109+00:00,7,manual__2023-11-23T16:01:59.762109+00:00
305,***,extrair_logs_***,extrair_logs_dag_conexao,2023-11-23T18:28:08.526678+00:00,1,manual__2023-11-23T18:28:08.526678+00:00
306,***,extrair_logs_***,extrair_logs_dag_conexao,2023-11-23T16:01:59.762109+00:00,7,manual__2023-11-23T16:01:59.762109+00:00
307,***,extrair_logs_***,extrair_logs_dag_conexao,2023-11-23T18:28:08.526678+00:00,1,manual__2023-11-23T18:28:08.526678+00:00
308,***,extrair_logs_***,extrair_logs_dag_conexao,2023-11-23T16:01:59.762109+00:00,7,manual__2023-11-23T16:01:59.762109+00:00
309,***,extrair_logs_***,extrair_logs_dag_conexao,2023-11-23T18:28:08.526678+00:00,2,manual__2023-11-23T18:28:08.526678+00:00
310,***,extrair_logs_***,extrair_logs_dag_conexao,2023-11-23T18:28:08.526678+00:00,1,manual__2023-11-23T18:28:08.526678+00:00
311,***,extrair_logs_***,extrair_logs_dag_conexao,2023-11-23T16:01:59.762109+00:00,7,manual__2023-11-23T16:01:59.762109+00:00
312,***,extrair_logs_***,extrair_logs_dag_conexao,2023-11-23T18:28:08.526678+00:00,2,manual__2023-11-23T18:28:08.526678+00:00
313,***,extrair_logs_***,extrair_logs_dag_conexao,2023-11-23T18:28:08.526678+00:00,1,manual__2023-11-23T18:28:08.526678+00:00
314,***,extrair_logs_***,extrair_logs_dag_conexao,2023-11-23T16:01:59.762109+00:00,7,manual__2023-11-23T16:01:59.762109+00:00
315,***,extrair_logs_***,extrair_logs_dag_conexao,2023-11-23T18:28:08.526678+00:00,2,manual__2023-11-23T18:28:08.526678+00:00
316,***,extrair_logs_***,extrair_logs_dag_conexao,2023-11-23T18:28:08.526678+00:00,1,manual__2023-11-23T18:28:08.526678+00:00
317,***,extrair_logs_***,extrair_logs_dag_conexao,2023-11-23T16:01:59.762109+00:00,7,manual__2023-11-23T16:01:59.762109+00:00
318,***,extrair_logs_***,extrair_logs_dag_conexao,2023-11-23T18:28:08.526678+00:00,2,manual__2023-11-23T18:28:08.526678+00:00
319,***,extrair_logs_***,extrair_logs_dag_conexao,2023-11-23T18:28:08.526678+00:00,1,manual__2023-11-23T18:28:08.526678+00:00
320,***,extrair_logs_***,extrair_logs_dag_conexao,2023-11-23T16:01:59.762109+00:00,7,manual__2023-11-23T16:01:59.762109+00:00
321,***,extrair_logs_***,extrair_logs_dag_conexao,2023-11-23T18:28:08.526678+00:00,2,manual__2023-11-23T18:28:08.526678+00:00
322,***,extrair_logs_***,extrair_logs_dag_conexao,2023-11-23T18:28:08.526678+00:00,1,manual__2023-11-23T18:28:08.526678+00:00
323,***,extrair_logs_***,extrair_logs_dag_conexao,2023-11-23T16:01:59.762109+00:00,7,manual__2023-11-23T16:01:59.762109+00:00
324,***,extrair_logs_***,extrair_logs_dag_conexao,2023-11-23T18:28:08.526678+00:00,2,manual__2023-11-23T18:28:08.526678+00:00
325,***,extrair_logs_***,extrair_logs_dag_conexao,2023-11-23T18:28:08.526678+00:00,1,manual__2023-11-23T18:28:08.526678+00:00
326,***,extrair_logs_***,extrair_logs_dag_conexao,2023-11-23T16:01:59.762109+00:00,7,manual__2023-11-23T16:01:59.762109+00:00
327,***,extrair_logs_***,extrair_logs_dag_conexao,2023-11-23T18:28:08.526678+00:00,2,manual__2023-11-23T18:28:08.526678+00:00
328,***,extrair_logs_***,extrair_logs_dag_conexao,2023-11-23T18:28:08.526678+00:00,1,manual__2023-11-23T18:28:08.526678+00:00
329,***,extrair_logs_***,extrair_logs_dag_conexao,2023-11-23T16:01:59.762109+00:00,7,manual__2023-11-23T16:01:59.762109+00:00
330,***,extrair_logs_***,extrair_logs_dag_conexao,2023-11-23T18:28:08.526678+00:00,2,manual__2023-11-23T18:28:08.526678+00:00
331,***,extrair_logs_***,extrair_logs_dag_conexao,2023-11-23T18:28:08.526678+00:00,1,manual__2023-11-23T18:28:08.526678+00:00
332,***,extrair_logs_***,extrair_logs_dag_conexao,2023-11-23T16:01:59.762109+00:00,7,manual__2023-11-23T16:01:59.762109+00:00
333,***,extrair_logs_***,extrair_logs_dag_conexao,2023-11-23T18:28:08.526678+00:00,2,manual__2023-11-23T18:28:08.526678+00:00
334,***,extrair_logs_***,extrair_logs_dag_conexao,2023-11-23T18:28:08.526678+00:00,1,manual__2023-11-23T18:28:08.526678+00:00
335,***,extrair_logs_***,extrair_logs_dag_conexao,2023-11-23T16:01:59.762109+00:00,7,manual__2023-11-23T16:01:59.762109+00:00
336,***,extrair_logs_***,extrair_logs_dag_conexao,2023-11-23T18:28:08.526678+00:00,2,manual__2023-11-23T18:28:08.526678+00:00
337,***,extrair_logs_***,extrair_logs_dag_conexao,2023-11-23T18:28:08.526678+00:00,1,manual__2023-11-23T18:28:08.526678+00:00
338,***,extrair_logs_***,extrair_logs_dag_conexao,2023-11-23T16:01:59.762109+00:00,7,manual__2023-11-23T16:01:59.762109+00:00
339,***,extrair_logs_***,extrair_logs_dag_conexao,2023-11-23T18:28:08.526678+00:00,2,manual__2023-11-23T18:28:08.526678+00:00
340,***,extrair_logs_***,extrair_logs_dag_conexao,2023-11-23T18:28:08.526678+00:00,1,manual__2023-11-23T18:28:08.526678+00:00
341,***,extrair_logs_***,extrair_logs_dag_conexao,2023-11-23T16:01:59.762109+00:00,7,manual__2023-11-23T16:01:59.762109+00:00
342,***,extrair_logs_***,extrair_logs_dag_conexao,2023-11-23T18:28:08.526678+00:00,2,manual__2023-11-23T18:28:08.526678+00:00
343,***,extrair_logs_***,extrair_logs_dag_conexao,2023-11-23T18:28:08.526678+00:00,1,manual__2023-11-23T18:28:08.526678+00:00
344,***,extrair_logs_***,extrair_logs_dag_conexao,2023-11-23T18:28:08.526678+00:00,3,manual__2023-11-23T18:28:08.526678+00:00
345,***,extrair_logs_***,extrair_logs_dag_conexao,2023-11-23T16:01:59.762109+00:00,7,manual__2023-11-23T16:01:59.762109+00:00
346,***,extrair_logs_***,extrair_logs_dag_conexao,2023-11-23T18:28:08.526678+00:00,2,manual__2023-11-23T18:28:08.526678+00:00
347,***,extrair_logs_***,extrair_logs_dag_conexao,2023-11-23T18:28:08.526678+00:00,1,manual__2023-11-23T18:28:08.526678+00:00
348,***,extrair_logs_***,extrair_logs_dag_conexao,2023-11-23T18:28:08.526678+00:00,3,manual__2023-11-23T18:28:08.526678+00:00
349,***,extrair_logs_***,extrair_logs_dag_conexao,2023-11-23T16:01:59.762109+00:00,7,manual__2023-11-23T16:01:59.762109+00:00
350,***,extrair_logs_***,extrair_logs_dag_conexao,2023-11-23T18:28:08.526678+00:00,2,manual__2023-11-23T18:28:08.526678+00:00
351,***,extrair_logs_***,extrair_logs_dag_conexao,2023-11-23T18:28:08.526678+00:00,1,manual__2023-11-23T18:28:08.526678+00:00
352,***,extrair_logs_***,extrair_logs_dag_conexao,2023-11-23T18:28:08.526678+00:00,3,manual__2023-11-23T18:28:08.526678+00:00
353,***,extrair_logs_***,extrair_logs_dag_conexao,2023-11-23T16:01:59.762109+00:00,7,manual__2023-11-23T16:01:59.762109+00:00
354,***,extrair_logs_***,extrair_logs_dag_conexao,2023-11-23T18:28:08.526678+00:00,2,manual__2023-11-23T18:28:08.526678+00:00
355,***,extrair_logs_***,extrair_logs_dag_conexao,2023-11-23T18:28:08.526678+00:00,1,manual__2023-11-23T18:28:08.526678+00:00
356,***,extrair_logs_***,extrair_logs_dag_conexao,2023-11-23T18:28:08.526678+00:00,3,manual__2023-11-23T18:28:08.526678+00:00
357,***,extrair_logs_***,extrair_logs_dag_conexao,2023-11-23T16:01:59.762109+00:00,7,manual__2023-11-23T16:01:59.762109+00:00
358,***,extrair_logs_***,extrair_logs_dag_conexao,2023-11-23T18:28:08.526678+00:00,2,manual__2023-11-23T18:28:08.526678+00:00
359,***,extrair_logs_***,extrair_logs_dag_conexao,2023-11-23T18:28:08.526678+00:00,1,manual__2023-11-23T18:28:08.526678+00:00
360,***,extrair_logs_***,extrair_logs_dag_conexao,2023-11-23T18:28:08.526678+00:00,3,manual__2023-11-23T18:28:08.526678+00:00
361,***,extrair_logs_***,extrair_logs_dag_conexao,2023-11-23T16:01:59.762109+00:00,7,manual__2023-11-23T16:01:59.762109+00:00
362,***,extrair_logs_***,extrair_logs_dag_conexao,2023-11-23T18:28:08.526678+00:00,2,manual__2023-11-23T18:28:08.526678+00:00
363,***,extrair_logs_***,extrair_logs_dag_conexao,2023-11-23T18:28:08.526678+00:00,1,manual__2023-11-23T18:28:08.526678+00:00
364,***,extrair_logs_***,extrair_logs_dag_conexao,2023-11-23T18:28:08.526678+00:00,3,manual__2023-11-23T18:28:08.526678+00:00
365,***,extrair_logs_***,extrair_logs_dag_conexao,2023-11-23T16:01:59.762109+00:00,7,manual__2023-11-23T16:01:59.762109+00:00
366,***,extrair_logs_***,extrair_logs_dag_conexao,2023-11-23T18:28:08.526678+00:00,2,manual__2023-11-23T18:28:08.526678+00:00
367,***,extrair_logs_***,extrair_logs_dag_conexao,2023-11-23T18:28:08.526678+00:00,1,manual__2023-11-23T18:28:08.526678+00:00
368,***,extrair_logs_***,extrair_logs_dag_conexao,2023-11-23T18:28:08.526678+00:00,3,manual__2023-11-23T18:28:08.526678+00:00
369,***,extrair_logs_***,extrair_logs_dag_conexao,2023-11-23T16:01:59.762109+00:00,7,manual__2023-11-23T16:01:59.762109+00:00
370,***,extrair_logs_***,extrair_logs_dag_conexao,2023-11-23T18:28:08.526678+00:00,2,manual__2023-11-23T18:28:08.526678+00:00
371,***,extrair_logs_***,extrair_logs_dag_conexao,2023-11-23T18:28:08.526678+00:00,1,manual__2023-11-23T18:28:08.526678+00:00
372,***,extrair_logs_***,extrair_logs_dag_conexao,2023-11-23T18:28:08.526678+00:00,3,manual__2023-11-23T18:28:08.526678+00:00
373,***,extrair_logs_***,extrair_logs_dag_conexao,2023-11-23T16:01:59.762109+00:00,7,manual__2023-11-23T16:01:59.762109+00:00
374,***,extrair_logs_***,extrair_logs_dag_conexao,2023-11-23T18:28:08.526678+00:00,2,manual__2023-11-23T18:28:08.526678+00:00
375,***,extrair_logs_***,extrair_logs_dag_conexao,2023-11-23T18:28:08.526678+00:00,1,manual__2023-11-23T18:28:08.526678+00:00
376,***,extrair_logs_***,extrair_logs_dag_conexao,2023-11-23T18:28:08.526678+00:00,3,manual__2023-11-23T18:28:08.526678+00:00
377,***,extrair_logs_***,extrair_logs_dag_conexao,2023-11-23T16:01:59.762109+00:00,7,manual__2023-11-23T16:01:59.762109+00:00
378,***,extrair_logs_***,extrair_logs_dag_conexao,2023-11-23T18:28:08.526678+00:00,2,manual__2023-11-23T18:28:08.526678+00:00
379,***,extrair_logs_***,extrair_logs_dag_conexao,2023-11-23T18:28:08.526678+00:00,1,manual__2023-11-23T18:28:08.526678+00:00
380,***,extrair_logs_***,extrair_logs_dag_conexao,2023-11-23T18:28:08.526678+00:00,3,manual__2023-11-23T18:28:08.526678+00:00
381,***,extrair_logs_***,extrair_logs_dag_conexao,2023-11-23T16:01:59.762109+00:00,7,manual__2023-11-23T16:01:59.762109+00:00
382,***,extrair_logs_***,extrair_logs_dag_conexao,2023-11-23T18:28:08.526678+00:00,2,manual__2023-11-23T18:28:08.526678+00:00
383,***,extrair_logs_***,extrair_logs_dag_conexao,2023-11-23T18:28:08.526678+00:00,1,manual__2023-11-23T18:28:08.526678+00:00
384,***,extrair_logs_***,extrair_logs_dag_conexao,2023-11-23T18:28:08.526678+00:00,3,manual__2023-11-23T18:28:08.526678+00:00
385,***,extrair_logs_***,extrair_logs_dag_conexao,2023-11-23T16:01:59.762109+00:00,7,manual__2023-11-23T16:01:59.762109+00:00
386,***,extrair_logs_***,extrair_logs_dag_conexao,2023-11-23T18:28:08.526678+00:00,2,manual__2023-11-23T18:28:08.526678+00:00
387,***,extrair_logs_***,extrair_logs_dag_conexao,2023-11-23T18:28:08.526678+00:00,1,manual__2023-11-23T18:28:08.526678+00:00
388,***,extrair_logs_***,extrair_logs_dag_conexao,2023-11-23T18:28:08.526678+00:00,3,manual__2023-11-23T18:28:08.526678+00:00
389,***,extrair_logs_***,extrair_logs_dag_conexao,2023-11-23T16:01:59.762109+00:00,7,manual__2023-11-23T16:01:59.762109+00:00
390,***,extrair_logs_***,extrair_logs_dag_conexao,2023-11-23T18:28:08.526678+00:00,2,manual__2023-11-23T18:28:08.526678+00:00
391,***,extrair_logs_***,extrair_logs_dag_conexao,2023-11-23T18:28:08.526678+00:00,1,manual__2023-11-23T18:28:08.526678+00:00
392,***,extrair_logs_***,extrair_logs_dag_conexao,2023-11-23T18:28:08.526678+00:00,3,manual__2023-11-23T18:28:08.526678+00:00
393,***,extrair_logs_***,extrair_logs_dag_conexao,2023-11-23T16:01:59.762109+00:00,7,manual__2023-11-23T16:01:59.762109+00:00
394,***,extrair_logs_***,extrair_logs_dag_conexao,2023-11-23T18:28:08.526678+00:00,2,manual__2023-11-23T18:28:08.526678+00:00
395,***,extrair_logs_***,extrair_logs_dag_conexao,2023-11-23T18:28:08.526678+00:00,1,manual__2023-11-23T18:28:08.526678+00:00
396,***,extrair_logs_***,extrair_logs_dag_conexao,2023-11-23T18:28:08.526678+00:00,3,manual__2023-11-23T18:28:08.526678+00:00
397,***,extrair_logs_***,extrair_logs_dag_conexao,2023-11-23T16:01:59.762109+00:00,7,manual__2023-11-23T16:01:59.762109+00:00
398,***,extrair_logs_***,extrair_logs_dag_conexao,2023-11-23T18:28:08.526678+00:00,2,manual__2023-11-23T18:28:08.526678+00:00
399,***,extrair_logs_***,extrair_logs_dag_conexao,2023-11-23T18:28:08.526678+00:00,1,manual__2023-11-23T18:28:08.526678+00:00
400,***,extrair_logs_***,extrair_logs_dag_conexao,2023-11-23T18:28:08.526678+00:00,3,manual__2023-11-23T18:28:08.526678+00:00
401,***,extrair_logs_***,extrair_logs_dag_conexao,2023-11-23T16:01:59.762109+00:00,7,manual__2023-11-23T16:01:59.762109+00:00
402,***,extrair_logs_***,extrair_logs_dag_conexao,2023-11-23T18:28:08.526678+00:00,2,manual__2023-11-23T18:28:08.526678+00:00
403,***,extrair_logs_***,extrair_logs_dag_conexao,2023-11-23T18:28:08.526678+00:00,1,manual__2023-11-23T18:28:08.526678+00:00
404,***,extrair_logs_***,extrair_logs_dag_conexao,2023-11-23T18:28:08.526678+00:00,3,manual__2023-11-23T18:28:08.526678+00:00
405,***,extrair_logs_***,extrair_logs_dag_conexao,2023-11-23T16:01:59.762109+00:00,7,manual__2023-11-23T16:01:59.762109+00:00
406,***,extrair_logs_***,extrair_logs_dag_conexao,2023-11-23T18:28:08.526678+00:00,2,manual__2023-11-23T18:28:08.526678+00:00
407,***,extrair_logs_***,extrair_logs_dag_conexao,2023-11-23T18:28:08.526678+00:00,1,manual__2023-11-23T18:28:08.526678+00:00
408,***,extrair_logs_***,extrair_logs_dag_conexao,2023-11-23T18:28:08.526678+00:00,3,manual__2023-11-23T18:28:08.526678+00:00
409,***,extrair_logs_***,extrair_logs_dag_conexao,2023-11-23T16:01:59.762109+00:00,7,manual__2023-11-23T16:01:59.762109+00:00
410,***,extrair_logs_***,extrair_logs_dag_conexao,2023-11-23T18:28:08.526678+00:00,2,manual__2023-11-23T18:28:08.526678+00:00
411,***,extrair_logs_***,extrair_logs_dag_conexao,2023-11-23T18:28:08.526678+00:00,1,manual__2023-11-23T18:28:08.526678+00:00
412,***,extrair_logs_***,extrair_logs_dag_conexao,2023-11-23T18:28:08.526678+00:00,3,manual__2023-11-23T18:28:08.526678+00:00
413,***,extrair_logs_***,extrair_logs_dag_conexao,2023-11-23T16:01:59.762109+00:00,7,manual__2023-11-23T16:01:59.762109+00:00
414,***,extrair_logs_***,extrair_logs_dag_conexao,2023-11-23T18:28:08.526678+00:00,2,manual__2023-11-23T18:28:08.526678+00:00
415,***,extrair_logs_***,extrair_logs_dag_conexao,2023-11-23T18:28:08.526678+00:00,1,manual__2023-11-23T18:28:08.526678+00:00
416,***,extrair_logs_***,extrair_logs_dag_conexao,2023-11-23T18:28:08.526678+00:00,3,manual__2023-11-23T18:28:08.526678+00:00
417,***,extrair_logs_***,extrair_logs_dag_conexao,2023-11-23T16:01:59.762109+00:00,7,manual__2023-11-23T16:01:59.762109+00:00
418,***,extrair_logs_***,extrair_logs_dag_conexao,2023-11-23T18:28:08.526678+00:00,2,manual__2023-11-23T18:28:08.526678+00:00
419,***,extrair_logs_***,extrair_logs_dag_conexao,2023-11-23T18:28:08.526678+00:00,1,manual__2023-11-23T18:28:08.526678+00:00
420,***,extrair_logs_***,extrair_logs_dag_conexao,2023-11-23T18:28:08.526678+00:00,3,manual__2023-11-23T18:28:08.526678+00:00
421,***,extrair_logs_***,extrair_logs_dag_conexao,2023-11-23T16:01:59.762109+00:00,7,manual__2023-11-23T16:01:59.762109+00:00
422,***,extrair_logs_***,extrair_logs_dag_conexao,2023-11-23T18:28:08.526678+00:00,2,manual__2023-11-23T18:28:08.526678+00:00
423,***,extrair_logs_***,extrair_logs_dag_conexao,2023-11-23T18:28:08.526678+00:00,1,manual__2023-11-23T18:28:08.526678+00:00
424,***,extrair_logs_***,extrair_logs_dag_conexao,2023-11-23T18:28:08.526678+00:00,3,manual__2023-11-23T18:28:08.526678+00:00
425,***,extrair_logs_***,extrair_logs_dag_conexao,2023-11-23T16:01:59.762109+00:00,7,manual__2023-11-23T16:01:59.762109+00:00
426,***,extrair_logs_***,extrair_logs_dag_conexao,2023-11-23T18:28:08.526678+00:00,2,manual__2023-11-23T18:28:08.526678+00:00
427,***,extrair_logs_***,extrair_logs_dag_conexao,2023-11-23T18:28:08.526678+00:00,1,manual__2023-11-23T18:28:08.526678+00:00
428,***,extrair_logs_***,extrair_logs_dag_conexao,2023-11-23T18:28:08.526678+00:00,3,manual__2023-11-23T18:28:08.526678+00:00
429,***,extrair_logs_***,extrair_logs_dag_conexao,2023-11-23T16:01:59.762109+00:00,7,manual__2023-11-23T16:01:59.762109+00:00
430,***,extrair_logs_***,extrair_logs_dag_conexao,2023-11-23T18:28:08.526678+00:00,2,manual__2023-11-23T18:28:08.526678+00:00
431,***,extrair_logs_***,extrair_logs_dag_conexao,2023-11-23T18:28:08.526678+00:00,1,manual__2023-11-23T18:28:08.526678+00:00
432,***,extrair_logs_***,extrair_logs_dag_conexao,2023-11-23T18:28:08.526678+00:00,3,manual__2023-11-23T18:28:08.526678+00:00
433,***,extrair_logs_***,extrair_logs_dag_conexao,2023-11-23T16:01:59.762109+00:00,7,manual__2023-11-23T16:01:59.762109+00:00
434,***,extrair_logs_***,extrair_logs_dag_conexao,2023-11-23T18:28:08.526678+00:00,2,manual__2023-11-23T18:28:08.526678+00:00
435,***,extrair_logs_***,extrair_logs_dag_conexao,2023-11-23T18:28:08.526678+00:00,1,manual__2023-11-23T18:28:08.526678+00:00
436,***,extrair_logs_***,extrair_logs_dag_conexao,2023-11-23T18:28:08.526678+00:00,3,manual__2023-11-23T18:28:08.526678+00:00
437,***,extrair_logs_***,extrair_logs_dag_conexao,2023-11-23T16:01:59.762109+00:00,7,manual__2023-11-23T16:01:59.762109+00:00
438,***,extrair_logs_***,extrair_logs_dag_conexao,2023-11-23T18:28:08.526678+00:00,2,manual__2023-11-23T18:28:08.526678+00:00
439,***,extrair_logs_***,extrair_logs_dag_conexao,2023-11-23T18:28:08.526678+00:00,1,manual__2023-11-23T18:28:08.526678+00:00
440,***,extrair_logs_***,extrair_logs_dag_conexao,2023-11-23T18:28:08.526678+00:00,3,manual__2023-11-23T18:28:08.526678+00:00
441,***,extrair_logs_***,extrair_logs_dag_conexao,2023-11-23T16:01:59.762109+00:00,7,manual__2023-11-23T16:01:59.762109+00:00
442,***,extrair_logs_***,extrair_logs_dag_conexao,2023-11-23T18:28:08.526678+00:00,2,manual__2023-11-23T18:28:08.526678+00:00
443,***,extrair_logs_***,extrair_logs_dag_conexao,2023-11-23T18:28:08.526678+00:00,1,manual__2023-11-23T18:28:08.526678+00:00
444,***,extrair_logs_***,extrair_logs_dag_conexao,2023-11-23T18:28:08.526678+00:00,3,manual__2023-11-23T18:28:08.526678+00:00
445,***,extrair_logs_***,extrair_logs_dag_conexao,2023-11-23T16:01:59.762109+00:00,7,manual__2023-11-23T16:01:59.762109+00:00
446,***,extrair_logs_***,extrair_logs_dag_conexao,2023-11-23T18:28:08.526678+00:00,2,manual__2023-11-23T18:28:08.526678+00:00
447,***,extrair_logs_***,extrair_logs_dag_conexao,2023-11-23T18:28:08.526678+00:00,1,manual__2023-11-23T18:28:08.526678+00:00
448,***,extrair_logs_***,extrair_logs_dag_conexao,2023-11-23T18:28:08.526678+00:00,3,manual__2023-11-23T18:28:08.526678+00:00
449,***,extrair_logs_***,extrair_logs_dag_conexao,2023-11-23T16:01:59.762109+00:00,7,manual__2023-11-23T16:01:59.762109+00:00
450,***,extrair_logs_***,extrair_logs_dag_conexao,2023-11-23T18:28:08.526678+00:00,2,manual__2023-11-23T18:28:08.526678+00:00
451,***,extrair_logs_***,extrair_logs_dag_conexao,2023-11-23T18:28:08.526678+00:00,1,manual__2023-11-23T18:28:08.526678+00:00
452,***,extrair_logs_***,extrair_logs_dag_conexao,2023-11-23T18:28:08.526678+00:00,3,manual__2023-11-23T18:28:08.526678+00:00
453,***,extrair_logs_***,extrair_logs_dag_conexao,2023-11-23T16:01:59.762109+00:00,7,manual__2023-11-23T16:01:59.762109+00:00
454,***,extrair_logs_***,extrair_logs_dag_conexao,2023-11-23T18:28:08.526678+00:00,2,manual__2023-11-23T18:28:08.526678+00:00
455,***,extrair_logs_***,extrair_logs_dag_conexao,2023-11-23T18:28:08.526678+00:00,1,manual__2023-11-23T18:28:08.526678+00:00
456,***,extrair_logs_***,extrair_logs_dag_conexao,2023-11-23T18:28:08.526678+00:00,3,manual__2023-11-23T18:28:08.526678+00:00
457,***,extrair_logs_***,extrair_logs_dag_conexao,2023-11-23T16:01:59.762109+00:00,7,manual__2023-11-23T16:01:59.762109+00:00
458,***,extrair_logs_***,extrair_logs_dag_conexao,2023-11-23T18:28:08.526678+00:00,2,manual__2023-11-23T18:28:08.526678+00:00
459,***,extrair_logs_***,extrair_logs_dag_conexao,2023-11-23T18:28:08.526678+00:00,1,manual__2023-11-23T18:28:08.526678+00:00
460,***,extrair_logs_***,extrair_logs_dag_conexao,2023-11-23T18:28:08.526678+00:00,3,manual__2023-11-23T18:28:08.526678+00:00
461,***,extrair_logs_***,extrair_logs_dag_conexao,2023-11-23T16:01:59.762109+00:00,7,manual__2023-11-23T16:01:59.762109+00:00
462,***,extrair_logs_***,extrair_logs_dag_conexao,2023-11-23T18:28:08.526678+00:00,2,manual__2023-11-23T18:28:08.526678+00:00
463,***,extrair_logs_***,extrair_logs_dag_conexao,2023-11-23T18:28:08.526678+00:00,1,manual__2023-11-23T18:28:08.526678+00:00
464,***,extrair_logs_***,extrair_logs_dag_conexao,2023-11-23T18:28:08.526678+00:00,3,manual__2023-11-23T18:28:08.526678+00:00
465,***,extrair_logs_***,extrair_logs_dag_conexao,2023-11-23T16:01:59.762109+00:00,7,manual__2023-11-23T16:01:59.762109+00:00
466,***,extrair_logs_***,extrair_logs_dag_conexao,2023-11-23T18:28:08.526678+00:00,2,manual__2023-11-23T18:28:08.526678+00:00
467,***,extrair_logs_***,extrair_logs_dag_conexao,2023-11-23T18:28:08.526678+00:00,1,manual__2023-11-23T18:28:08.526678+00:00
468,***,extrair_logs_***,extrair_logs_dag_conexao,2023-11-23T18:28:08.526678+00:00,3,manual__2023-11-23T18:28:08.526678+00:00
469,***,extrair_logs_***,extrair_logs_dag_conexao,2023-11-23T16:01:59.762109+00:00,7,manual__2023-11-23T16:01:59.762109+00:00
470,***,extrair_logs_***,extrair_logs_dag_conexao,2023-11-23T18:28:08.526678+00:00,2,manual__2023-11-23T18:28:08.526678+00:00
471,***,extrair_logs_***,extrair_logs_dag_conexao,2023-11-23T18:28:08.526678+00:00,1,manual__2023-11-23T18:28:08.526678+00:00
472,***,extrair_logs_***,extrair_logs_dag_conexao,2023-11-23T18:28:08.526678+00:00,3,manual__2023-11-23T18:28:08.526678+00:00
473,***,extrair_logs_***,extrair_logs_dag_conexao,2023-11-23T16:01:59.762109+00:00,7,manual__2023-11-23T16:01:59.762109+00:00
474,***,extrair_logs_***,extrair_logs_dag_conexao,2023-11-23T18:28:08.526678+00:00,2,manual__2023-11-23T18:28:08.526678+00:00
475,***,extrair_logs_***,extrair_logs_dag_conexao,2023-11-23T18:28:08.526678+00:00,1,manual__2023-11-23T18:28:08.526678+00:00
476,***,extrair_logs_***,extrair_logs_dag_conexao,2023-11-23T18:28:08.526678+00:00,3,manual__2023-11-23T18:28:08.526678+00:00
